{"noiseKey":{"private":{"type":"Buffer","data":"uOVCTJzsK3bvP8HZJZgOWKkzZfo4zJAn+xCljEtSkWI="},"public":{"type":"Buffer","data":"8RhiUC2NsxfqOIRFk13sAZ/La1q0lbLFpfogLtmyBV4="}},"pairingEphemeralKeyPair":{"private":{"type":"Buffer","data":"+ORTBwhKRu0nZXNqw7XNWGh2IGDxCp2eSpcVTrkm1nA="},"public":{"type":"Buffer","data":"re/VaRP6E0RmJ6dGkWy3P/jkmjavZyNKXpGJ1qKOCkk="}},"signedIdentityKey":{"private":{"type":"Buffer","data":"GN7wwbp4eIHpD8glL35luQdX2YE+OKQdu9G/rejfr3s="},"public":{"type":"Buffer","data":"ALZPr73lptuaRTRpNh+er+QGhZQ3xp8Tms0t2kPiHwM="}},"signedPreKey":{"keyPair":{"private":{"type":"Buffer","data":"UKsPaSOHjOjYzytXJRUv29vwI59sM2+eIqcm9gdQYG8="},"public":{"type":"Buffer","data":"h5zVI/M4BjDfhQ75UdhXzc8FSpaSUeHV+HVKdfSzs1g="}},"signature":{"type":"Buffer","data":"I8tf4BVF58qgYyHWuWsLsLgYrioVIM2rVvG7qmaPfQYRCP13dhnvqI6tM/ykeAq+kVaDEnG+D94DGiBA9geyBg=="},"keyId":1},"registrationId":53,"advSecretKey":"A5XAoHxFuULk8Kaz6a50OdNxzt3BPToBBbGooIa2KDA=","processedHistoryMessages":[{"key":{"remoteJid":"33656675212@s.whatsapp.net","fromMe":true,"id":"6D270EC52C22D2E2A7F7B28C3738A2A7"},"messageTimestamp":1723757224},{"key":{"remoteJid":"33656675212@s.whatsapp.net","fromMe":true,"id":"D08DEB8A0429CF6C080BC9506B09DFF4"},"messageTimestamp":1723757225},{"key":{"remoteJid":"33656675212@s.whatsapp.net","fromMe":true,"id":"91AF5F99E34CAFBCEA3417230028EC86"},"messageTimestamp":1723757232}],"nextPreKeyId":61,"firstUnuploadedPreKeyId":61,"accountSyncCounter":1,"accountSettings":{"unarchiveChats":false},"deviceId":"ji56WV3oQwOXVyw3AudWLw","phoneId":"ec4c2f5b-7fd2-49bd-b753-bea6ceef6b1e","identityId":{"type":"Buffer","data":"RzvoYq9DVsj+Dp3c5+4Aaet8FJk="},"registered":true,"backupToken":{"type":"Buffer","data":"2QJstR6Ja2afeP+GnDTL7qfqjoY="},"registration":{},"pairingCode":"HBQBSZRY","me":{"id":"33656675212:15@s.whatsapp.net","name":"أبو شتاء","lid":"138968398073884:15@lid"},"account":{"details":"CNW/lJYCEKTl+bUGGAIgACgA","accountSignatureKey":"4L9Th4TZze7d8cHXdXbe4J8jCUKKXwU2c0OY9LcMMHE=","accountSignature":"TKQ5fcP7Su6SS3OcZ2H+pCS1ZIry/9SfezsFdc1Ey+4c/wENcrlV7JQ2ukB+J4jeNeUdE2Ej/8hVFd2AQCq1Dg==","deviceSignature":"RJt031BNcMy3hUAngPYXUPbWvb9OHe8/Sej/1CSNAD6OqjwuhkC3wU6VZKDYWGjzIt474iBnUtB0o45hFVMZAw=="},"signalIdentities":[{"identifier":{"name":"33656675212:15@s.whatsapp.net","deviceId":0},"identifierKey":{"type":"Buffer","data":"BeC/U4eE2c3u3fHB13V23uCfIwlCil8FNnNDmPS3DDBx"}}],"platform":"smba","lastAccountSyncTimestamp":1723757223,"myAppStateKeyId":"AAAAAPKc"}